[
  {
    "label": "DIVA",
    "rules": [
      {
        "right": "_r_",
        "left": "_l_",
        "use_regex": false
      },
      {
        "right": "_r0",
        "left": "_l0",
        "use_regex": false
      },
      {
        "right": "_r1",
        "left": "_l1",
        "use_regex": false
      }
    ]
  },
  {
    "label": "Blender",
    "rules": [
      {
        "right": ".R",
        "left": ".L",
        "use_regex": false
      },
      {
        "right": "_R",
        "left": "_L",
        "use_regex": false
      }
    ]
  }
]